rule_id,source,source_type,edition_year,chapter_section,page_or_article_locator,doi_or_stable_id,fulltext_verified,transfer_scope,transfer_status,claim_supported,claim_not_supported
EMP-SCREEN01,"Eldridge et al., CONSORT 2010 extension to randomised pilot and feasibility trials",REPORTING_GUIDELINE,2016,Box 1; Scope of this paper,BMJ 355:i5239,10.1136/bmj.i5239,YES,feasibility and measurement objectives only,TRANSFERABLE_WITH_ADAPTATION,a pilot exists to assess feasibility; sample size must follow the stated objective,that a small effect-open sample may deliver an economic or efficacy kill; the extension explicitly does not recommend effectiveness hypothesis testing and does not apply to internal pilots
EMP-SCREEN02,"Leon, Davis & Kraemer, The role and interpretation of pilot studies in clinical research",PEER_REVIEWED_METHOD,2011,Misuses of pilot studies,J Psychiatr Res 45(5):626-629,10.1016/j.jpsychires.2010.10.008,YES,feasibility objectives,TRANSFERABLE_WITH_ADAPTATION,a pilot is not a hypothesis-testing study; small-sample effect estimates are too imprecise to drive continue/stop on effect grounds,any confirmatory or economic null claim from pilot data
EMP-REUSE01,"Wittes & Brittain, The role of internal pilot studies in increasing the efficiency of clinical trials",PEER_REVIEWED_METHOD,1990,Introduction and Purposes for Pilot Studies (pp.65-68); Example: An Internal Pilot for Estimating Variance (pp.68-69); Discussion (p.70),pp.65-70; the treatment-parameter exclusion is on p.67,10.1002/sim.4780090113,YES,"Supports distinction between nuisance/design-parameter adaptation and treatment-effect-driven adaptation, and inferential consequences of some internal-pilot reuse.",TRANSFERABLE_WITH_ADAPTATION,"Supports distinction between nuisance/design-parameter adaptation and treatment-effect-driven adaptation, and inferential consequences of some internal-pilot reuse.",ScholarOps four-way reuse policy enum is its own governance implementation; clinical-trial methods are not universal finance procedures.
EMP-REUSE02,"Wittes, Schabenberger, Zucker, Brittain & Proschan, Internal pilot studies I - type I error rate of the naive t-test",PEER_REVIEWED_METHOD,1999,Abstract and section 4 Why Is the Alpha-Level Biased? (pp.3481-3484); section 6.2 Type I Error Rate with Table I (pp.3485-3487); section 7 Discussion and Recommendations (pp.3489-3490),pp.3481-3491; Table I at p.3487; recommendations at pp.3489-3490,10.1002/(SICI)1097-0258(19991230)18:24<3481::AID-SIM301>3.0.CO;2-C,YES,"Supports design-specific alpha inflation, restricted/unrestricted differences, >~30/group example range, .052 bound in studied range, 1.99 vs 1.96 restricted-normal recommendation, and practical pilot fraction .25–.75.",TRANSFERABLE_WITH_ADAPTATION,"Supports design-specific alpha inflation, restricted/unrestricted differences, >~30/group example range, .052 bound in studied range, 1.99 vs 1.96 restricted-normal recommendation, and practical pilot fraction .25–.75.",These numerical values are not universal constants and do not justify effect-based branch selection.
EMP-BLIND01,"Klein & Roodman, Blind analysis in nuclear and particle physics",PEER_REVIEWED_REVIEW,2005,"Abstract and section 1 Introduction (p.141); section 2 Experimenter's Bias and the Motivations for Blind Analyses (p.145); section 3 Blind Analysis Methods (p.149), with 3.1 Hidden Signal Boxes (p.149), 3.2 Hidden Answer Methods (p.152), 3.3 Adding or Removing Events (p.156), 3.4 Data Prescaling (p.159); section 4 Conclusion (p.162)",pp.141-163; method families at pp.149-162; unblinding caveat at p.149,10.1146/annurev.nucl.55.090704.151521,YES,design-neutral blinding principle and its implementation families,TRANSFERABLE_WITH_ADAPTATION,"the abstract on p.141 defines a blind analysis as preventing experimenters from knowing the answer until the analysis is complete, in order to stop them biasing the result toward their own preconceptions. Section 3 then shows the principle is implemented through several distinct families rather than one mechanism: hiding the signal region, hiding the answer, adding or removing events, and prescaling the data. That plurality is the precedent for the skill carrying BLINDING_IMPLEMENTATION_MODE as an enum instead of prescribing one scheme","that blinding certifies a result. p.149 says the method does not require analysis to stop after unblinding, nor does it ensure the results are correct, and that if further selections are applied after unblinding the publication should be explicit about which ones. Blinding constrains discretion; it does not replace disclosure, and it is not evidence of correctness"
EMP-BLIND02A,"Polit, Blinding during the analysis of research data",PEER_REVIEWED_METHOD,2011,analysis decisions susceptible to treatment-code knowledge,Int J Nurs Stud 48(5):636-641,10.1016/j.ijnurstu.2011.02.010,YES,"Supports blinding analysts from treatment-code identity when discretionary analytic choices can affect results; explicitly lists missingness, outliers/distribution, transforms, recoding/cutpoints, subgroups, covariates, endpoints, sensitivity/validity choices.",TRANSFERABLE_WITH_ADAPTATION,"Supports blinding analysts from treatment-code identity when discretionary analytic choices can affect results; explicitly lists missingness, outliers/distribution, transforms, recoding/cutpoints, subgroups, covariates, endpoints, sensitivity/validity choices.",Does not directly study finance/business observational designs; transfer must be labeled as adaptation.
EMP-MULT01,"List, Shaikh & Xu, Multiple hypothesis testing in experimental economics",PEER_REVIEWED_METHOD,2019,"Abstract (p.773); section 1 Introduction (pp.774-775); section 2 Setup and Notation with Assumptions 2.1-2.3 and Remarks 2.1-2.2 (pp.775-777); section 3 A Stepwise Multiple Testing Procedure, Algorithm 3.1, Theorem 3.1 and Remarks 3.1-3.8 (pp.777-781); section 4 Empirical Applications, Tables 1-5 (pp.781-788); section 5 Conclusion (pp.785-789)",Exp Econ 22(4):773-793; familywise arithmetic and prevalence at p.774; assignment and support assumptions at p.777; dominance over Bonferroni and Holm at p.779; adjusted p-value and logical restrictions at p.780; applied magnitudes in Tables 1-3 pp.782-784 and the combined family at p.785; data requirement at p.789,10.1007/s10683-018-09597-5,YES,"within-study multiplicity across outcomes, discrete subgroups and treatments, in an experiment where treatment status is assigned by simple random sampling",TRANSFERABLE_WITH_ADAPTATION,"pp.773-774 name exactly three sources of multiplicity: multiple outcomes, subgroups defined by observed characteristics, and multiple treatments. p.774 supplies the arithmetic that makes the gate default-on rather than discretionary: with independent tests at the five per cent level the probability of at least one false rejection is 0.226 at five hypotheses, 0.401 at ten and 0.994 at a hundred, and the same page reports that 84 per cent of the surveyed experiments examine five or more outcomes and 61 per cent ten or more. Remark 3.2 at p.779 is the decisive operational statement: Bonferroni and Holm are the same stepwise algorithm run with a fixed critical value that assumes a least favourable dependence structure, and the resampling procedure will always reject at least as many null hypotheses as they do. p.780 defines the adjusted p-value as the smallest level at which the hypothesis is rejected and recommends studentising. The applied section shows adjustment changing conclusions rather than decorating them: dollars given not including the match falls from significant at five per cent to significant only at ten (Table 1, p.782); two of four subgroups fall to one (Table 2, p.783); the 2:1 match moves from 0.0477 to 0.1297 and stops being significant at any conventional level (p.783, Table 3 p.784); and across the combined family of 48 hypotheses the rejections at ten per cent fall from 21 to 9, with 7 of the 9 attached to a single outcome (p.785). p.785 states the reporting standard the skill adopts, that multiplicity-adjusted results be reported alongside the conventional unadjusted ones","anything about selection of the research question across the literature, and anything about repeated specification search on one dataset; those are separate layers. Inside its own layer the scope is narrower than it looks. Remark 2.1 at p.777 assumes treatment status is i.i.d., so the procedure does not accommodate covariate-adaptive or stratified assignment designed to balance baseline covariates, and a design of that kind must be resolved before this source is cited. Assumption 2.3 at p.777 requires treatment and the subgroup variable to be discrete with finite support, so continuous moderators fall outside it. Remark 2.2 at p.777 concedes that with a very large family, familywise control materially limits the ability to detect genuinely false nulls, and points to generalised error rates instead. Remark 3.7 at p.780 confines the logical-restriction improvement to more than two treatments and warns that it becomes computationally prohibitive beyond a few; Table 4 at p.784 shows it moving p-values without producing any extra rejection. p.789 notes the procedure needs the underlying data, so where only published unadjusted p-values exist, Bonferroni or Holm is the applicable tool. None of this converts an exploratory rejection into a confirmatory one"
EMP-SPECSEARCH01,"White, A reality check for data snooping",PEER_REVIEWED_METHOD,2000,"section 1 Introduction (pp.1097-1099); section 2.a The Basic Framework (pp.1099-1101); section 2.b Basic Theory, Propositions 2.1-2.2 (pp.1101-1103); Monte Carlo and Bootstrap Reality Checks (pp.1103-1105); section 2.c Extensions and Variations (pp.1106-1108); section 3 Implementing the Bootstrap Reality Check (pp.1108-1111); section 4 An Illustrative Example, Tables I and II (pp.1111-1115); section 5 Summary (pp.1115-1117)",Econometrica 68(5):1097-1126; tested null at p.1101; Reality Check defined at p.1102; enumerability limit at p.1103; implementation settings at p.1109; naive-versus-Reality-Check comparison at pp.1113-1115 with Table I p.1113 and Table II p.1115,10.1111/1468-0262.00152,YES,"Supports Reality Check null against a named benchmark across an enumerable searched model set, bootstrap implementation, examples, and stated limitations.",TRANSFERABLE_WITH_ADAPTATION,"Supports Reality Check null against a named benchmark across an enumerable searched model set, bootstrap implementation, examples, and stated limitations.",Does not automatically account for unobserved prior searches; cross-validation extension is not established; example bootstrap parameters are not universal.
CORE-L4-09,"Harvey, Liu & Zhu, ... and the cross-section of expected returns",PEER_REVIEWED_METHOD,2016,Abstract and Introduction (p.5); section 3 Adjusted t-statistics in Multiple Testing; section 3.6 benchmark t-statistics; section 3.7 Robustness including 3.7.1 test statistics dependence; section 4 Correlation among Test Statistics; Appendix A Multiple Testing When the Number of Tests Is Unknown,"Rev Financ Stud 29(1):5-68; headline hurdle in the abstract, p.5",10.1093/rfs/hhv059,YES,Supports finance factor-zoo/multiple-testing benchmark thresholds and caveats in the studied factor universes.,TRANSFERABLE_WITH_ADAPTATION,"In heavily searched cross-sectional return-factor universes, conventional single-test thresholds can be too lenient. The published paper reports a headline t-statistic hurdle above 3.0 and more stringent multiple-testing benchmarks, including 3.54 for the homogeneous post-2000 Bonferroni subset discussed in the paper.","No universal t-statistic cutoff for every finance/accounting/business design; the paper does not validate the current study’s measurement, clustering, or identification."
EMP-DATA09,"Little & Rubin, Statistical Analysis with Missing Data, 3rd ed.",TEXTBOOK,2020,"3rd ed. (current); §1.3 Mechanisms That Lead to Missing Data (p.13); ch.3 Complete-Case and Available-Case Analysis Including Weighting Methods (§3.1 p.47, §3.2 Complete-Case Analysis p.47, §3.3 Weighted Complete-Case Analysis p.50, §3.4 Available-Case Analysis p.61); ch.4 Single Imputation Methods (§4.2 imputing means p.69, §4.3 imputing draws p.73); ch.5 Accounting for Uncertainty from Missing Data (§5.1 p.85, §5.2 valid SEs from a single filled-in set p.86, §5.3 resampling p.90, §5.4 multiple imputation p.95). Chapter 5 was retitled from the 2nd edition","pp.13, 47-61, 69-73, 85-100; complete-case bias examples 3.2 at p.48 and 3.3-3.4 at p.49; the four uncertainty strategies at pp.85-86",10.1002/9781119482260; ISBN 9780470526798,YES,Supports mechanism×estimand dependence of complete-case validity and broad missing-data uncertainty principles.,TRANSFERABLE_WITH_ADAPTATION,Supports mechanism×estimand dependence of complete-case validity and broad missing-data uncertainty principles.,"Does not prescribe ScholarOps field names, finance-specific timing rules, or a universal imputation method."
EMP-DATA09F,"Bryzgalova, Lerner, Lettau & Pelger, Missing financial data",PEER_REVIEWED_APPLICATION,2025,missingness patterns in firm characteristics; downstream effects,Rev Financ Stud 38(3):803-882,10.1093/rfs/hhae036,YES,"finance firm-characteristic panels; risk premia, anomalies, portfolio construction",TRANSFERABLE_WITH_ADAPTATION,firm-characteristic missingness is widespread and systematic; naive complete-case or median imputation distorts asset-pricing quantities,that the same distortion metrics define downstream validation for a causal treatment-effect estimand
EMP-DATA06,"Leone, Minutti-Meza & Wasley, Influential observations and inference in accounting research",PEER_REVIEWED_METHOD,2019,"simulation evidence on winsorization, truncation and robust regression",Account Rev 94(6):337-364,10.2308/accr-52396,YES,influential-observation diagnosis in linear models,TRANSFERABLE_WITH_ADAPTATION,winsorization and truncation are not substitutes for influential-observation analysis; residual and weight based diagnostics address a different question,that robust regression is universally correct
EMP-PANEL02,"Wooldridge, Econometric Analysis of Cross Section and Panel Data",TEXTBOOK,2010,"2nd ed.; section 4.4 Properties of Ordinary Least Squares under Measurement Error (pp.76-82); section 19.9 Sample Selection and Attrition in Linear Panel Data Models (p.827), with 19.9.1 Fixed and Random Effects Estimation with Unbalanced Panels (p.828), 19.9.2 Testing and Correcting for Sample Selection Bias (p.832), 19.9.3 Attrition (p.837); section 20.3 Cluster Sampling (p.863)","pp.76-82, 827-845, 863",MIT Press ISBN 978-0-262-23258-6,YES,Supports distinction between raw observations and effective independent variation under clustering/high-frequency dependence and short calendar span.,TRANSFERABLE_WITH_ADAPTATION,Supports distinction between raw observations and effective independent variation under clustering/high-frequency dependence and short calendar span.,Does not imply a universal minimum cluster count.
EMP-SAMPLE03,"Campbell, Lo & MacKinlay, The Econometrics of Financial Markets",TEXTBOOK,1997,1st ed.; Ch.4 Event-Study Analysis (p.149); section 4.4.6 Inferences with Clustering (p.166); section 4.5 Modifying the Null Hypothesis (p.167); section 4.6 Analysis of Power (p.168); section 4.9 Further Issues (p.174); section 4.9.1 Role of the Sampling Interval (p.175); section 4.9.2 Inferences with Event-Date Uncertainty (p.177); section 4.9.3 Possible Biases (p.177),"pp.149, 166-169, 174-177",Princeton University Press ISBN 978-0-691-04301-2,YES,"Supports event-study power dependence on effect size, variance, N, sampling interval and event-date uncertainty.",TRANSFERABLE_WITH_ADAPTATION,"Supports event-study power dependence on effect size, variance, N, sampling interval and event-date uncertainty.",Does not prescribe one universal event window/sample size; intraday application needs microstructure-specific handling.
EMP-SAMPLE04,"Hasbrouck, Empirical Market Microstructure",TEXTBOOK,2007,"1st ed.; Ch.1 Introduction, section 1.4 Econometric Issues (p.6). Section 1.5 begins on p.7, so 1.4 sits entirely on p.6",p.6,Oxford University Press ISBN 978-0-19-530164-9,YES,Supports reporting/considering independent event/cluster structure rather than raw rows.,TRANSFERABLE_WITH_ADAPTATION,Supports reporting/considering independent event/cluster structure rather than raw rows.,Does not provide a universal sample-size cutoff.
EMP-THRESH02,"Bali, Engle & Murray, Empirical Asset Pricing - The Cross Section of Stock Returns",TEXTBOOK,2016,"1st ed.; Ch.6 Fama and MacBeth Regression Analysis, section 6.2 Interpreting FM Regressions (pp.95-98); magnitude discussion opens on p.96. Supporting sections 2.1-2.2 Summary Statistics (pp.9-16) for the cross-sectional dispersion inputs, and Ch.5 Portfolio Analysis section 5.1.5 (p.43) for the high-minus-low variant.",p.96 (three interchangeable scales); pp.97-98 (worked examples),Wiley ISBN 978-1-118-58947-1,YES,"Supports translating regression coefficients into economically interpretable scales (SD, percentile/IQR, high-low portfolio spreads).",TRANSFERABLE_WITH_ADAPTATION,"Supports translating regression coefficients into economically interpretable scales (SD, percentile/IQR, high-low portfolio spreads).",Does not define a universal SESOI/economic minimum or support ScholarOps evidence-priority hierarchy by itself.
EMP-DATA06,"Bali, Engle & Murray, Empirical Asset Pricing - The Cross Section of Stock Returns",TEXTBOOK,2016,"1st ed.; Ch.1 Preliminaries, section 1.2 Winsorization and Truncation (pp.5-6)",p.5,Wiley ISBN 978-1-118-58947-1,YES,"Supports that winsorization/truncation are common, comparatively ad hoc tail-handling conventions in empirical asset pricing.",TRANSFERABLE_WITH_ADAPTATION,"Supports that winsorization/truncation are common, comparatively ad hoc tail-handling conventions in empirical asset pricing.",Does not prove a universal cutoff and does not establish winsorization as an influence-diagnostic solution.
EMP-MULT04,"FDA, Multiple Endpoints in Clinical Trials - Guidance for Industry",REGULATORY_GUIDANCE,2022,"final guidance October 2022, superseding the 13 January 2017 draft; section II.C Multiplicity (pp.5-6); section III.A The Hierarchy of Families of Endpoints (pp.6-8); section III.B Type II Error Rate and Sample Size (p.8); section IV Methodological Considerations (p.13); Appendix: Statistical Methods (pp.18-26)",Docket FDA-2016-D-4460; grouping criterion and three-tier hierarchy at p.6; secondary and exploratory treatment at p.7; co-primary power arithmetic at p.8; Hochberg assumption caveat at pp.19-20; resampling caveats at p.21; nonbinding status at p.2,https://www.fda.gov/media/162416/download,YES,"ordering and grouping of endpoints before multiplicity adjustment, in a regulatory drug-efficacy setting",TRANSFERABLE_WITH_ADAPTATION,"p.6 states the grouping criterion, and it is sharper than clinical importance alone: the critical determination is whether an endpoint is intended to establish effectiveness or to demonstrate additional effects, with expected event frequency and anticipated effect also considered. The hierarchy has exactly three tiers, primary, secondary and exploratory, and each may hold one endpoint or a family. p.7 gives two consequences the skill now carries: exploratory endpoints need no multiplicity adjustment because they are not used to support conclusions, and secondary results are interpretable only after an effect on the primary family is shown, with the overall Type I error rate controlled across primary and secondary families together. The same page warns against long secondary lists, since adjustment shrinks the chance any secondary shows an effect and a hierarchy may mean lower ones are never reached. p.5 gives the arithmetic behind the gate, two independent endpoints roughly doubling the error rate, three reaching about 7 per cent and ten about 22 per cent, and states the sequencing principle that all endpoints, time points, populations and analyses are prespecified first and the adjustment chosen afterwards. p.8 quantifies the co-primary trade-off: two independent endpoints each powered at 80 per cent give about 64 per cent joint power","any alpha number, any approval standard, and any promotion of a secondary endpoint after a primary fails. The scope limits are explicit. p.2 states that guidances are nonbinding and that should means suggested, not required. p.2 also confines the document to multiple endpoints within a single trial and says other sources of multiplicity, including multiple doses, time points and subgroups, are not specifically addressed, so this row cannot be cited for the skill's subgroup or horizon entries. Safety analyses outside a prespecified testing set are out of scope. The appendix constrains method choice rather than endorsing it: pp.19-20 record that the Hochberg procedure is not assumption-free and can fail for some negatively correlated tests, and p.21 notes resampling rests on assumptions difficult to verify and usually needs large samples"
EMP-THRESH03,"Lakens, Equivalence tests - a practical primer for t tests, correlations, and meta-analyses",PEER_REVIEWED_METHOD,2017,introduction and Testing for Equivalence (pp.355-356); Equivalence Tests for Differences Between Two Independent Means (pp.356-358) with Table 1 sample sizes (p.358); Setting Equivalence Bounds (pp.359-360); Discussion (pp.360-361),Soc Psychol Personal Sci 8(4):355-362; the four possible outcomes and Figure 1 at p.356; sample-size cost in Table 1 at p.358; the resource-determined bound and its worked numbers at p.359; operationalisation and competence limits at p.360,10.1177/1948550617697177,YES,"concluding the absence of a meaningful effect, given a pre-specified bound",TRANSFERABLE_WITH_ADAPTATION,"p.355 draws the distinction the rule rests on: it is statistically impossible to support the hypothesis that a true effect is exactly zero, but it is possible to reject effects large enough to be worthwhile, which is what the two one-sided tests procedure does against bounds set from the smallest effect size of interest. The same page documents how common the error is, with the phrase no effect appearing in 108 articles in one journal up to August 2016 almost always on the basis of nonsignificance, and Finch and colleagues reporting that around 38 per cent of articles with nonsignificant results in one applied journal accept the null. p.356 supplies the outcome table the skill now uses: with both a significance test and an equivalence test there are four results, not two, since an effect can be equivalent and not different, different and not equivalent, both different and equivalent, or undetermined, and the last of these is the honest verdict when the data settle nothing. The same page notes the 90 per cent interval is the right one because two one-sided tests are run at 5 per cent each. p.359 gives the bound-setting rule for the common case where theory fixes no boundary: set the bound to the smallest effect the available resources give sufficient power to detect, so that the maximum sample size one is willing to collect implicitly determines the smallest effect size of interest; with 100 per condition at 80 per cent power and alpha .05 that is about 0.414 for the equivalence test. p.358 prices the alternative, with a bound of d = 0.1 needing 1,713 per group at 80 per cent power against 191 at d = 0.3. p.359 also requires that when equivalence is claimed in an abstract, the bounds used be stated there too","that equivalence means an effect is absent, or absent for anyone. p.359 is explicit that bounds set from a researcher's own resources do not license a conclusion that the effect is too small to matter to others, who may reasonably fund a larger study. p.360 adds three further limits the rule now carries: the conclusion holds for the specific operationalisation tested and a different manipulation or measure may still show an effect; confounds can produce apparent equivalence; and whether the experiment was performed competently is a non-statistical question that no equivalence test settles, which the paper describes as an inherent asymmetry between showing an effect and showing the absence of a worthwhile one, resolvable only by independent replication. Nothing here supplies an economic minimum, which remains the analyst's burden under EMP-THRESH02"
EMP-MULT03,"Benjamini & Hochberg, Controlling the false discovery rate - a practical and powerful approach to multiple testing",PEER_REVIEWED_METHOD,1995,Summary and Introduction (pp.289-290); section 2.1 Definition of False Discovery Rate (p.291); section 2.2 Examples (p.292); section 3.1 The Procedure and Theorem 1 (p.293); section 3.2 worked example (pp.294-295); section 3.3 Theorem 2 (p.295); section 4 power comparisons (pp.296-298); section 5 Conclusion (p.298),J R Stat Soc B 57(1):289-300; FDR definition and its two properties at p.291; the three example types including screening at p.292; Theorem 1 and its independence condition at p.293; the mortality example at p.295; weak FWER control restated at p.298,10.1111/j.2517-6161.1995.tb02031.x,YES,large exploratory families where the expected proportion of false rejections is the quantity of interest,TRANSFERABLE_WITH_ADAPTATION,"p.291 defines the false discovery rate as the expected proportion of erroneous rejections among the rejected hypotheses and establishes the two properties that place it in the skill's hierarchy: when every null is true the FDR coincides with the familywise rate, so controlling FDR gives familywise control only in the weak sense, and when some nulls are false the FDR is no larger than the familywise rate, so any procedure controlling FWER already controls FDR while the converse buys power. p.290 states when the weaker criterion is appropriate, namely when a treatment and a control are compared on several aspects of one effect and the overall conclusion need not be wrong even if some individual nulls are falsely rejected. p.292 names the screening case directly, where many candidate effects are sifted and the concern is that too large a fraction of false leads would burden a second, confirmatory phase, which is exactly the skill's discovery family. p.293 gives the step-up procedure and Theorem 1. p.295 shows the stake concretely: among 15 comparisons Bonferroni and Hochberg each reject the same three and none is mortality, while the FDR procedure at q* = .05 rejects four including mortality at p = .0095 against a threshold of .013","validity under dependence, and confirmatory use. Theorem 1 at p.293 is proved for independent test statistics; the remark there relaxes independence only for the statistics attached to the false nulls, so a dependent family is outside what this paper establishes and the analyst must justify the dependence structure separately under CORE-M01. The 1995 paper contains no dependence-robust variant. p.291 and p.298 also make clear that FDR control delivers familywise control only weakly, so a rejection surviving this procedure does not discharge the strong familywise requirement a confirmatory claim carries and stays EXPLORATORY under this rule"
GOV-VERSION01,Semantic Versioning specification,TECHNICAL_STANDARD,2013,"Semantic Versioning 2.0.0, specification item 3","semver.org, SemVer 2.0.0 spec item 3; increment rule in the summary and items 8-10",https://semver.org/spec/v2.0.0.html,YES,the immutability of an already-published version identifier,TRANSFERABLE_WITH_ADAPTATION,"SemVer 2.0.0 item 3 states that once a versioned package has been released the contents of that version must not be modified, and that any modification must be released as a new version. The spec repeats the point where it discusses correcting a broken release, saying it is unacceptable to modify versioned releases even then. That single rule is the whole of the borrowing, and it is what GOV-VERSION01 enforces mechanically through the fingerprint","this package's MAJOR/MINOR/PATCH boundary. SemVer item 1 requires the versioned thing to declare a public API, and its increment rule is defined by backward compatibility of that API. This package has no public API and sets its version classes by whether new required evidence is added, a local rule stated in Index section 8. SemVer supports nothing about fingerprints, fixity, manifests or provenance"
GOV-TRANSCRIPT01,"W3C, PROV-DM - The PROV Data Model",TECHNICAL_STANDARD,2013,"W3C Recommendation 30 April 2013; section 1 Introduction; section 2.1 PROV Core Structures with 2.1.1 Entity and Activity, 2.1.2 Derivation, 2.1.3 Agents and Responsibility; sections 2.2.1.2 and 5.3.3 Association and Plan; section 1.1 Compliance",W3C Recommendation REC-prov-dm-20130430; core triple at section 2.1; plan at sections 2.2.1.2 and 5.3.3; normative scope at section 1.1,https://www.w3.org/TR/2013/REC-prov-dm-20130430/,YES,"the vocabulary for recording what was produced, by what activity, by whom and when",TRANSFERABLE_WITH_ADAPTATION,"section 1 defines provenance as a record of the people, institutions, entities and activities involved in producing, influencing or delivering something, and section 2.1 fixes the three core types as entity, activity and agent, an agent being whatever bears responsibility. That triple is why this skill records the artifact, the step that produced it and the owner rather than one free-text note. Section 5.3.3 supplies a second and more directly useful element: a plan is an entity representing the actions intended by an agent, and recording the plan explicitly allows the execution to be validated against it. A frozen specification in this skill is exactly such a plan entity, which is the precedent for checking a run against its freeze rather than against memory","that this package implements PROV, and that section 2 is normative. Section 1.1 restricts the normative sections to 1.1, 1.3, 5 and Appendix A, so the overview introducing the core triple is itself informative and only the section 5 definitions bind. PROV-DM specifies no serialisation; RDF, OWL and XML live in PROV-O and PROV-XML. Section 2.1.2 says PROV does not specify the conditions under which a derivation holds, and validity constraints are deferred to PROV-CONSTRAINTS, so nothing here certifies that a provenance record is correct"
EMP-DATA09A,"Little & Rubin, Statistical Analysis with Missing Data, 3rd ed.",TEXTBOOK,2020,Chs.3–5,Ch.3 §3.2; Chs.4–5,10.1002/9781119482260; ISBN 9780470526798,YES,missingness mechanism and estimand justification for imputation/selection decisions,TRANSFERABLE_WITH_ADAPTATION,Selection/imputation choices should be justified by the missingness mechanism and inferential target.,"The exact ScholarOps freeze fields are an engineering adaptation, not a verbatim textbook procedure."
EMP-DATA09B,"Little & Rubin, Statistical Analysis with Missing Data, 3rd ed.",TEXTBOOK,2020,Chs.3–5,"Chs.3–5, especially uncertainty treatment in Ch.5",10.1002/9781119482260; ISBN 9780470526798,YES,validation of missing-data handling against the downstream estimand,TRANSFERABLE_WITH_ADAPTATION,Missing-data methods must be evaluated against the inferential target and account for missingness uncertainty.,ScholarOps masking designs and downstream-estimand validation tables are local implementation choices.
EMP-PANEL02,"Hasbrouck, Empirical Market Microstructure",TEXTBOOK,2007,§1.4 Econometric Issues,p.6,Oxford University Press ISBN 978-0-19-530164-9,YES,effective information in high-frequency/microstructure samples,TRANSFERABLE_WITH_ADAPTATION,"Large row counts can coexist with short calendar span, dependence and misspecification risk.",Does not provide a universal minimum cluster count or generic panel estimator.
EMP-SAMPLE04,"Wooldridge, Econometric Analysis of Cross Section and Panel Data, 2nd ed.",TEXTBOOK,2010,Ch.20 Cluster Sampling,p.863 onward,MIT Press ISBN 978-0-262-23258-6,YES,independent cluster/event structure for inference,TRANSFERABLE_WITH_ADAPTATION,Inference must respect the independent sampling/cluster structure rather than raw row count when dependence is material.,Does not prescribe a universal sample-size cutoff.
